{
  "interactionModel": {
    "languageModel": {
      "invocationName": "waiter bot",
      "intents": [
        {
          "name": "AMAZON.CancelIntent",
          "samples": []
        },
        {
          "name": "AMAZON.HelpIntent",
          "samples": []
        },
        {
          "name": "AMAZON.StopIntent",
          "samples": []
        },
        {
          "name": "AMAZON.NavigateHomeIntent",
          "samples": []
        },
        {
          "name": "AMAZON.FallbackIntent",
          "samples": []
        },
        {
          "name": "take_order",
          "slots": [
            {
              "name": "food",
              "type": "AMAZON.Food",
              "multipleValues": {
                "enabled": true
              }
            },
            {
              "name": "drink",
              "type": "AMAZON.Drink"
            },
            {
              "name": "name",
              "type": "AMAZON.US_FIRST_NAME"
            }
          ],
          "samples": [
            "i\u0027m thirsty",
            "i\u0027m hungry",
            "{drink} then",
            "a {drink}",
            "get me {drink}",
            "I want {drink}",
            "{drink}",
            "I want to order",
            "i like {food}",
            "can you get {food}",
            "do you have {food}",
            "A can of {drink}",
            "Get me a {drink}",
            "Can I have a {drink}",
            "I want a {drink}",
            "{food} please",
            "get me {food}",
            "{food}",
            "i want {food}"
          ]
        },
        {
          "name": "cancel_order",
          "slots": [
            {
              "name": "name",
              "type": "AMAZON.US_FIRST_NAME"
            }
          ],
          "samples": [
            "i don\u0027t want my it anymore",
            "Forget the order ",
            "Nevermind that order",
            "Cancel order for {name}",
            "I don\u0027t want my order anymore"
          ]
        },
        {
          "name": "ask_menu",
          "slots": [],
          "samples": [
            "what\u0027s there to eat",
            "do you have any specials",
            "what do you have to drink",
            "what do you have to eat",
            "what\u0027s on the menu",
            "what do you have"
          ]
        },
        {
          "name": "dumb_intent",
          "slots": [],
          "samples": [
            "boopopsf sdflkj allksdjk allskdjalksd kkdkfsdfll lsl "
          ]
        },
        {
          "name": "read_order",
          "slots": [],
          "samples": [
            "what do you need",
            "tell me the orders",
            "give me the orders",
            "what are the orders",
            "what do you want",
            "why are you here",
            "what are you here for",
            "what orders do you need"
          ]
        },
        {
          "name": "slow_service",
          "slots": [],
          "samples": [
            "where is my food",
            "can you go faster",
            "why are you so slow",
            "what is taking so long",
            "why is it taking so long"
          ]
        },
        {
          "name": "cancel_all_orders",
          "slots": [],
          "samples": [
            "delete all the orders",
            "get rid of the orders",
            "stop all orders",
            "forget all of your orders",
            "cancel all of your orders"
          ]
        },
        {
          "name": "order_ready",
          "slots": [],
          "samples": [
            "next",
            "go move",
            "move",
            "deliver it",
            "get a move on",
            "the orders are ready",
            "go deliver the orders",
            "all the orders are ready"
          ]
        },
        {
          "name": "deliver_order",
          "slots": [],
          "samples": [
            "can i have my order",
            "is that my order",
            "whats on your tray",
            "whats on the tray",
            "is that for me"
          ]
        },
        {
          "name": "take_trash",
          "slots": [],
          "samples": [
            "take my trash",
            "clean up my mess",
            "can you clean this up please",
            "can you take my trash",
            "i have some trash"
          ]
        },
        {
          "name": "thank_you",
          "slots": [],
          "samples": [
            "got it thanks",
            "got it",
            "thank you waiter bot",
            "thanks",
            "thank you"
          ]
        }
      ],
      "types": [
        {
          "values": [
            {
              "name": {
                "value": "drink"
              }
            }
          ],
          "name": "AMAZON.Drink"
        }
      ]
    },
    "dialog": {
      "intents": [
        {
          "name": "dumb_intent",
          "confirmationRequired": true,
          "prompts": {
            "confirmation": "Confirm.Intent.464975956860"
          },
          "slots": []
        }
      ],
      "delegationStrategy": "ALWAYS"
    },
    "prompts": [
      {
        "id": "Confirm.Intent.464975956860",
        "variations": [
          {
            "type": "PlainText",
            "value": "blip blip blip blip blip"
          }
        ]
      }
    ]
  },
  "version": "37"
}